word;misspelling_1;rule_1;misspelling_2;rule_2;misspelling_3;rule_3;;;
necessary;necessery;vowel_swap;necesary;double_to_single;neccessary;single_to_double;;;
receive;recieve;ie_ei_swap;receve;vowel_drop;recive;vowel_drop;;;
separate;seperate;vowel_swap;separrate;single_to_double;saparate;vowel_swap;;;
definitely;definitley;transposition;definately;vowel_swap;definitly;vowel_drop;;;
accommodate;acommodate;double_to_single;accomodate;double_to_single;accommodete;vowel_swap;;;
embarrass;embarass;double_to_single;embarras;double_to_single;emberrass;vowel_swap;;;
occurrence;occurence;double_to_single;occurrance;vowel_swap;ocurrence;double_to_single;;;
beginning;begginning;single_to_double;begining;double_to_single;begenning;vowel_swap;;;
believe;beleive;ie_ei_swap;bellieve;single_to_double;belive;vowel_drop;;;
achieve;acheive;ie_ei_swap;achive;vowel_drop;achievve;single_to_double;;;
calendar;celendar;vowel_swap;callendar;single_to_double;calandar;vowel_swap;;;
committee;commettee;vowel_swap;comittee;double_to_single;commitee;double_to_single;;;
conscience;consceince;ie_ei_swap;conscence;vowel_drop;consciense;consonant_change;;;
conscientious;consceintious;ie_ei_swap;conscientius;vowel_drop;connscientious;single_to_double;;;
conscious;consious;consonant_drop;conscius;vowel_drop;consciuos;transposition;;;
recommend;recomend;double_to_single;reccommend;single_to_double;recommand;vowel_swap;;;
successful;sucessful;double_to_single;successfull;single_to_double;succesful;double_to_single;;;
disappear;diseppear;vowel_swap;disapear;double_to_single;dissappear;single_to_double;;;
disappoint;diseppoint;vowel_swap;disapoint;double_to_single;dissappoint;single_to_double;;;
existence;existance;vowel_swap;existense;consonant_change;exestence;vowel_swap;;;
experience;expereince;ie_ei_swap;experrience;single_to_double;experiense;consonant_change;;;
fascinate;facinate;consonant_drop;fasinate;consonant_drop;fascinete;vowel_swap;;;
foreign;foriegn;ie_ei_swap;foregn;vowel_drop;foregin;transposition;;;
government;goverment;consonant_drop;gowernment;consonant_change;governmant;vowel_swap;;;
immediately;immediatley;transposition;immediatly;vowel_drop;imediately;double_to_single;;;
independent;independant;vowel_swap;indipendent;vowel_swap;indepentent;consonant_change;;;
intelligence;intellegence;vowel_swap;inteligence;double_to_single;intelligense;consonant_change;;;
knowledge;knowlege;consonant_drop;knowlegde;transposition;knowledege;insertion;;;
language;langauge;transposition;languige;vowel_swap;lenguage;vowel_swap;;;
maintenance;maintanance;vowel_swap;maintainance;insertion;maintenence;vowel_swap;;;
millennium;millenium;double_to_single;millenneum;vowel_swap;millenium;double_to_single;;;
mischievous;mischeivous;ie_ei_swap;mischievious;insertion;mischievus;vowel_drop;;;
neighbour;nieghbour;ie_ei_swap;neigbour;consonant_drop;neighbur;vowel_drop;;;
noticeable;noticable;vowel_drop;noticeble;vowel_drop;noticible;vowel_drop;;;
occasion;ocasion;double_to_single;occassion;single_to_double;occation;consonant_change;;;
parliament;parliment;vowel_drop;parlament;vowel_drop;parliamant;vowel_swap;;;
possession;posession;double_to_single;possesion;double_to_single;possesson;vowel_drop;;;
privilege;privelege;vowel_swap;privielege;insertion;privilage;vowel_swap;;;
pronunciation;pronounciation;insertion;prononciation;vowel_swap;pronuncation;vowel_drop;;;
questionnaire;questionaire;double_to_single;questionnaire;vowel_drop;questionnare;vowel_drop;;;
relevant;relevent;vowel_swap;rellevant;single_to_double;ralevant;vowel_swap;;;
restaurant;restuarant;transposition;restarant;vowel_drop;restaurante;insertion;;;
rhythm;rythm;consonant_drop;rhythem;insertion;rhytm;consonant_drop;;;
ridiculous;rediculous;vowel_swap;ridiculuos;transposition;riddiculous;single_to_double;;;
secretary;secratary;vowel_swap;secretery;vowel_swap;secritary;vowel_swap;;;
sentence;sentance;vowel_swap;sentense;consonant_change;scentence;insertion;;;
similar;similiar;insertion;similer;vowel_swap;simelar;vowel_swap;;;
sincerely;sincerly;vowel_drop;sinserely;consonant_change;sencerely;vowel_swap;;;
strength;strenth;consonant_drop;strenght;transposition;strengt;consonant_drop;;;
surprise;suprise;consonant_drop;surprize;consonant_change;surprice;consonant_change;;;
temperature;temparature;vowel_swap;temprature;consonant_drop;temperatur;vowel_drop;;;
thorough;thorogh;vowel_drop;thorugh;vowel_drop;torough;consonant_drop;;;
tomorrow;tommorrow;single_to_double;tomorow;double_to_single;tomarrow;vowel_swap;;;
unnecessary;unecessary;double_to_single;unnecesary;double_to_single;unnecessery;vowel_swap;;;
vacuum;vaccuum;single_to_double;vacuume;insertion;vacum;vowel_drop;;;
wednesday;wenesday;consonant_drop;wednessday;single_to_double;wednasday;vowel_swap;;;
weird;wierd;ie_ei_swap;weerd;vowel_swap;wird;vowel_drop;;;
beautiful;beauteful;vowel_swap;beutiful;vowel_drop;beautifull;single_to_double;;;
business;businesse;insertion;busines;double_to_single;bussiness;single_to_double;;;
category;cetegorie;y_to_ie_ending;cattegory;single_to_double;catagory;vowel_swap;;;
across;accross;single_to_double;acros;double_to_single;acrosse;insertion;;;
address;addrass;vowel_swap;adress;double_to_single;addres;double_to_single;;;
aggressive;aggrassive;vowel_swap;agressive;double_to_single;aggressivie;insertion;;;
apparent;apperent;vowel_swap;aparent;double_to_single;apparrent;single_to_double;;;
appearance;appearence;vowel_swap;apperance;vowel_drop;appearrance;single_to_double;;;
appreciate;appreciete;vowel_swap;apreciate;double_to_single;appreciatte;single_to_double;;;
approximately;approximetely;vowel_swap;aproximately;double_to_single;approximatley;transposition;;;
assistance;assistence;vowel_swap;asistance;double_to_single;assisstance;single_to_double;;;
broccoli;brocoli;double_to_single;broccolie;insertion;broccolli;single_to_double;;;
colleague;collegue;vowel_drop;colleage;vowel_drop;coleague;double_to_single;;;
cemetery;cemetary;vowel_swap;cemetry;vowel_drop;cemeterie;y_to_ie_ending;;;
commemorate;commemorete;vowel_swap;comemorate;double_to_single;commemmorate;single_to_double;;;
committed;commetted;vowel_swap;comitted;double_to_single;commited;double_to_single;;;
community;communitie;y_to_ie_ending;comunity;double_to_single;communnity;single_to_double;;;
correspond;corespond;double_to_single;correspend;vowel_swap;corresspond;single_to_double;;;
curiosity;curiosety;vowel_swap;curiocity;consonant_change;curiositie;y_to_ie_ending;;;
curriculum;curiculum;double_to_single;curriculumn;insertion;curricullum;single_to_double;;;
daughter;daugther;transposition;daugter;consonant_drop;doughter;vowel_swap;;;
deceive;decieve;ie_ei_swap;deceve;vowel_drop;deceave;vowel_swap;;;
describe;dascribe;vowel_swap;desscribe;single_to_double;descriebe;insertion;;;
different;diffarent;vowel_swap;diferent;double_to_single;differrent;single_to_double;;;
dilemma;dilamma;vowel_swap;dilema;double_to_single;dillemma;single_to_double;;;
eligible;eligable;vowel_swap;eligble;vowel_drop;elligible;single_to_double;;;
eliminate;eliminete;vowel_swap;elliminate;single_to_double;eleminate;vowel_swap;;;
engineer;engeneer;vowel_swap;enginer;vowel_drop;enngineer;single_to_double;;;
environment;enviornment;transposition;enviroment;consonant_drop;envieronment;insertion;;;
especially;espacially;vowel_swap;especialy;double_to_single;especally;vowel_drop;;;
exaggerate;exagerate;double_to_single;exaggerrate;single_to_double;exaggarate;vowel_swap;;;
excellent;excellant;vowel_swap;excelent;double_to_single;excellente;insertion;;;
exercise;excercise;insertion;exersise;consonant_change;exercize;consonant_change;;;
grammar;grammer;vowel_swap;gramar;double_to_single;grammare;insertion;;;
guarantee;garantee;vowel_drop;guarante;double_to_single;guarrantee;single_to_double;;;
harass;harrass;single_to_double;haras;double_to_single;harasse;insertion;;;
height;hieght;ie_ei_swap;heigth;transposition;heigt;consonant_drop;;;
horrible;horreble;vowel_swap;horible;double_to_single;horrieble;insertion;;;
humorous;humourous;insertion;humorus;vowel_drop;humorrous;single_to_double;;;
hygiene;hygeine;ie_ei_swap;hygene;vowel_drop;hygine;vowel_drop;;;
ignorant;ignorent;vowel_swap;ignorrant;single_to_double;ignorante;insertion;;;
illegal;illagal;vowel_swap;ilegal;double_to_single;illegale;insertion;;;
irrelevant;irelevant;double_to_single;irrellevant;single_to_double;irrelevent;vowel_swap;;;
jealousy;jealousey;insertion;jealosy;vowel_drop;jelousy;vowel_drop;;;
leisure;leasure;vowel_swap;liesure;ie_ei_swap;leisur;vowel_drop;;;
library;librery;vowel_swap;librarie;y_to_ie_ending;library;consonant_drop;;;
marriage;mariage;double_to_single;marrige;vowel_drop;marraige;transposition;;;
mathematics;methematics;vowel_swap;matematics;consonant_drop;mathamatics;vowel_swap;;;
medieval;medeival;ie_ei_swap;madieval;vowel_swap;medival;vowel_drop;;;
miscellaneous;miscelaneous;double_to_single;miscellanious;vowel_swap;miscellanous;vowel_drop;;;
opportunity;oportunity;double_to_single;opportunety;vowel_swap;opportunitie;y_to_ie_ending;;;
parallel;perallel;vowel_swap;paralel;double_to_single;parrallel;single_to_double;;;
peculiar;peculier;vowel_swap;peculliar;single_to_double;pecular;vowel_drop;;;
perceive;percieve;ie_ei_swap;perrceive;single_to_double;parceive;vowel_swap;;;
permanent;permenent;vowel_swap;perrmanent;single_to_double;permanente;insertion;;;
perseverance;perseverence;vowel_swap;persevearance;insertion;perseveranse;consonant_change;;;
physical;phisycal;i_y_swap;physicale;insertion;pysical;consonant_drop;;;i_y_swapnál nem írja át y-ra az i-t csak forditva
playwright;playwight;consonant_drop;playwreight;insertion;playwight;consonant_drop;;;
psychology;psycology;consonant_drop;psyhcology;transposition;pshychology;insertion;;;
scissors;sissors;consonant_drop;scisors;double_to_single;scissorrs;single_to_double;;;
sergeant;sergant;vowel_drop;sargeant;vowel_swap;sergaent;transposition;;;
sophisticated;sophistecated;vowel_swap;sopisticated;consonant_drop;sophistcated;vowel_drop;;;
threshold;threshhold;single_to_double;treshold;consonant_drop;thereshold;insertion;;;
thoroughly;thorougly;consonant_drop;thuroughly;vowel_swap;thorughly;vowel_drop;;;
vehicle;vehicale;insertion;vehicel;transposition;veicle;consonant_drop;;;
whether;wether;consonant_drop;wheather;insertion;wheter;consonant_drop;;;
absence;absense;consonant_change;abscence;insertion;absance;vowel_swap;;;
acceptable;accepttable;single_to_double;acceptabel;transposition;aceptable;double_to_single;;;
accessible;accessibel;transposition;acessible;double_to_single;accesseble;vowel_swap;;;
accomplish;acomplish;double_to_single;accomplesh;vowel_swap;accomplis;consonant_drop;;;
accuracy;accuricy;vowel_swap;acuracy;double_to_single;accuraccy;single_to_double;;;
achievement;acheivement;ie_ei_swap;achievemment;single_to_double;achievment;vowel_drop;;;
acknowledge;acknowladge;vowel_swap;acknowlegde;transposition;aknowledge;consonant_drop;;;
acquired;acquirred;single_to_double;acqired;vowel_drop;aquired;consonant_drop;;;
activity;actevity;vowel_swap;activitie;y_to_ie_ending;activitey;insertion;;;
adequate;adaquate;vowel_swap;adeqate;vowel_drop;adequaet;transposition;;;
advertisement;advartisement;vowel_swap;advertisemment;single_to_double;advertisment;vowel_drop;;;
although;aldhough;consonant_change;altough;consonant_drop;althugh;vowel_drop;;;
analysis;anelysis;vowel_swap;anallysis;single_to_double;analisys;i_y_swap;;;
ancient;anceint;ie_ei_swap;ancent;vowel_drop;anceinte;insertion;;;
argument;arguement;insertion;argumment;single_to_double;argumant;vowel_swap;;;
athlete;athelete;insertion;atlhete;transposition;atlete;consonant_drop;;;
atmosphere;atmosphare;vowel_swap;attmosphere;single_to_double;atmoshpere;transposition;;;
attendance;attendence;vowel_swap;atendance;double_to_single;attendanse;consonant_change;;;
available;aveilable;vowel_swap;availlable;single_to_double;availabel;transposition;;;
boundary;boundery;vowel_swap;bundary;vowel_drop;boundarie;y_to_ie_ending;;;
campaign;campeign;vowel_swap;campiagn;transposition;campain;consonant_drop;;;
capable;cepable;vowel_swap;capabel;transposition;capeble;vowel_swap;;;
ceiling;cieling;ie_ei_swap;celing;vowel_drop;ceeling;vowel_swap;;;
challenge;chellenge;vowel_swap;chalenge;double_to_single;challennge;single_to_double;;;
changeable;chengeable;vowel_swap;changeabel;transposition;changable;vowel_drop;;;
character;charecter;vowel_swap;charakter;consonant_change;charachter;insertion;;;
chocolate;chocolete;vowel_swap;chocollate;single_to_double;choclate;vowel_drop;;;
circumstance;circumstence;vowel_swap;circumstanse;consonant_change;cercumstance;vowel_swap;;;
classical;classicale;insertion;clasical;double_to_single;classicall;single_to_double;;;
comfortable;comforteble;vowel_swap;comfortabel;transposition;confortable;consonant_change;;;
competition;compatition;vowel_swap;commpetition;single_to_double;competiton;vowel_drop;;;
completely;complately;vowel_swap;completelly;single_to_double;completly;vowel_drop;;;
concentrate;concentrete;vowel_swap;conncentrate;single_to_double;concantrate;vowel_swap;;;
consistent;consistant;vowel_swap;connsistent;single_to_double;consestent;vowel_swap;;;
continuous;contenuous;vowel_swap;continuos;vowel_drop;conntinuous;single_to_double;;;
convenient;convienient;insertion;conveniant;vowel_swap;convennient;single_to_double;;;
cooperate;cooperete;vowel_swap;coperate;vowel_drop;cooperrate;single_to_double;;;
courageous;couregeous;vowel_swap;courageus;vowel_drop;courrageous;single_to_double;;;
criminal;creminal;vowel_swap;crimminal;single_to_double;criminale;insertion;;;
cylinder;cylender;vowel_swap;cyllinder;single_to_double;cilynder;i_y_swap;;;
decision;desision;consonant_change;decission;single_to_double;decesion;vowel_swap;;;
definition;definiton;vowel_drop;definnition;single_to_double;defenition;vowel_swap;;;
deliberate;deliberete;vowel_swap;delliberate;single_to_double;daliberate;vowel_swap;;;
democracy;democrecy;vowel_swap;democracie;y_to_ie_ending;damocracy;vowel_swap;;;
desperate;desparate;vowel_swap;desprate;vowel_drop;despirate;vowel_swap;;;
determine;datermine;vowel_swap;dettermine;single_to_double;determene;vowel_swap;;;
dialogue;diallogue;single_to_double;dialoge;vowel_drop;dailogue;transposition;;;
discipline;disipline;consonant_drop;discipliene;insertion;dicsipline;transposition;;;
discover;descover;vowel_swap;disscover;single_to_double;disccover;single_to_double;;;
documentary;documentery;vowel_swap;doccumentary;single_to_double;documantary;vowel_swap;;;
dominant;dominante;insertion;domminant;single_to_double;domenant;vowel_swap;;;
efficient;efficeint;ie_ei_swap;eficient;double_to_single;effecient;vowel_swap;;;
emphasise;emphesise;vowel_swap;emphassise;single_to_double;emphasese;vowel_swap;;;
encourage;encourege;vowel_swap;encourrage;single_to_double;encorage;vowel_drop;;;
enormous;enorrmous;single_to_double;enormus;vowel_drop;enormuous;insertion;;;
enterprise;entarprise;vowel_swap;enterrprise;single_to_double;enterprice;consonant_change;;;
enthusiastic;enthusastic;vowel_drop;entusiastic;consonant_drop;enthusaistic;transposition;;;
entrepreneur;entrapreneur;vowel_swap;enterpreneur;transposition;entreprenur;vowel_drop;;;
entrance;entrence;vowel_swap;enterance;insertion;entreanse;consonant_change;;;
acquaintance;acquaintence;vowel_swap;acquintance;vowel_drop;acquiantance;transposition;;;
brief;breif;ie_ei_swap;brieff;single_to_double;briefe;insertion;;;
bureaucracy;bureaucrecy;vowel_swap;bureucracy;vowel_drop;burreaucracy;single_to_double;;;
caffeine;caffiene;ie_ei_swap;cafeine;double_to_single;caffine;vowel_drop;;;
career;cereer;vowel_swap;carier;vowel_swap;carreer;single_to_double;;;
chief;cheif;ie_ei_swap;cief;consonant_drop;chiefe;insertion;;;
conceive;concieve;ie_ei_swap;conceve;vowel_drop;conceave;vowel_swap;;;
counterfeit;counterfiet;ie_ei_swap;counterfit;vowel_drop;countrefeit;transposition;;;
deceit;deciet;ie_ei_swap;deceet;vowel_swap;deceite;insertion;;;
encyclopedia;encyclopadia;vowel_swap;encycllopedia;single_to_double;enciclopedya;i_y_swap;;;
fierce;feirce;ie_ei_swap;fierrce;single_to_double;fierse;consonant_change;;;
glacier;glaceir;ie_ei_swap;glecier;vowel_swap;glaciere;insertion;;;
grief;greif;ie_ei_swap;grife;vowel_drop;griefe;insertion;;;
handkerchief;handkercheif;ie_ei_swap;handcerchief;consonant_change;handkerchef;vowel_drop;;;
infinite;infenite;vowel_swap;infinnite;single_to_double;infinit;vowel_drop;;;
ingredient;ingredeint;ie_ei_swap;ingrediente;insertion;ingradient;vowel_swap;;;
niece;neice;ie_ei_swap;niec;vowel_drop;niese;consonant_change;;;
pageant;pegeant;vowel_swap;pagaent;transposition;pagent;vowel_drop;;;
piece;peice;ie_ei_swap;piese;consonant_change;piec;vowel_drop;;;
pierce;peirce;ie_ei_swap;pierrce;single_to_double;pierse;consonant_change;;;
protein;protien;ie_ei_swap;prottein;single_to_double;protin;vowel_drop;;;
receipt;reciept;ie_ei_swap;receip;consonant_drop;receipte;insertion;;;
seize;sieze;ie_ei_swap;siese;consonant_change;sezie;transposition;;;
shield;sheild;ie_ei_swap;shild;consonant_drop;sield;consonant_drop;;;
siege;seige;ie_ei_swap;sieg;vowel_drop;shiege;insertion;;;
species;speceis;ie_ei_swap;spacies;vowel_swap;specis;vowel_drop;;;
sufficient;sufficiant;vowel_swap;suficient;double_to_single;sufficent;vowel_drop;;;
thieves;theives;ie_ei_swap;thiefes;consonant_change;thievs;vowel_drop;;;
variety;vareity;ie_ei_swap;varriety;single_to_double;veriety;vowel_swap;;;
yield;yeild;ie_ei_swap;yild;vowel_drop;yieled;insertion;;;
castle;cestle;vowel_swap;castlle;single_to_double;casle;consonant_drop;;;
column;collumn;single_to_double;collum;consonant_drop;culumn;vowel_swap;;;
condemn;condamn;vowel_swap;conndemn;single_to_double;condem;consonant_drop;;;
descend;dascend;vowel_swap;desscend;single_to_double;dessend;consonant_change;;;
design;dasign;vowel_swap;dessign;single_to_double;desin;consonant_drop;;;
exhaust;exaust;consonant_drop;exhust;vowel_drop;exhuast;transposition;;;
exhilarate;exhilerate;vowel_swap;exilarate;consonant_drop;exhillarate;single_to_double;;;
fasten;festen;vowel_swap;fassten;single_to_double;fasen;consonant_drop;;;
handsome;hendsome;vowel_swap;hanndsome;single_to_double;handsom;vowel_drop;;;
island;islend;vowel_swap;islland;single_to_double;iland;consonant_change;;;
knife;knefe;vowel_swap;knif;vowel_drop;kniffe;single_to_double;;;
knight;kneght;vowel_swap;knigt;consonant_drop;knigth;transposition;;;
laboratory;laboretory;vowel_swap;laborratory;single_to_double;laboratorie;y_to_ie_ending;;;
listen;lesten;vowel_swap;lissten;single_to_double;lissen;consonant_change;;;
mortgage;mortgege;vowel_swap;morrtgage;single_to_double;morgage;consonant_drop;;;
naive;naiv;vowel_drop;niave;transposition;naivve;insertion;;;
pseudonym;pseudonnym;single_to_double;pseudunym;vowel_swap;psueudonym;insertion;;;
psychic;psichyc;i_y_swap;psychick;insertion;psycic;consonant_drop;;;
psychiatry;psychiattry;single_to_double;psichyatry;i_y_swap;psyciatry;consonant_drop;;;
raspberry;respberry;vowel_swap;raspbery;double_to_single;rasspberry;single_to_double;;;
subtle;subttle;single_to_double;sutle;consonant_drop;suttle;consonant_change;;;
symphony;symmphony;single_to_double;sympony;consonant_drop;symphonie;y_to_ie_ending;;;
wreck;wrack;vowel_swap;vreck;consonant_change;wrekk;consonant_change;;;
accelerate;accelerete;vowel_swap;acelerate;double_to_single;accellerate;single_to_double;;;
accessory;accassory;vowel_swap;acessory;double_to_single;accesory;double_to_single;;;
accumulate;accumulete;vowel_swap;acumulate;double_to_single;accummulate;single_to_double;;;
acquaint;acquint;vowel_drop;acqaint;vowel_drop;accquint;single_to_double;;;
advertise;advartise;vowel_swap;advertize;consonant_change;advertese;vowel_swap;;;
aggravate;aggrevate;vowel_swap;agravate;double_to_single;aggrravate;single_to_double;;;
ambiguous;ambeguous;vowel_swap;ambigous;vowel_drop;ammbiguous;single_to_double;;;
ambitious;ambetious;vowel_swap;ambitius;vowel_drop;ambitiuos;transposition;;;
ancestry;ancastry;vowel_swap;ancesstry;single_to_double;ancestrie;y_to_ie_ending;;;
anonymous;annonymous;single_to_double;anonymus;vowel_drop;anonymuos;transposition;;;
anticipate;anticipete;vowel_swap;annticipate;single_to_double;antecipate;vowel_swap;;;
apologise;apologese;vowel_swap;apollogise;single_to_double;aplogise;vowel_drop;;;
apprentice;apprantice;vowel_swap;aprentice;double_to_single;apprenntice;single_to_double;;;
architect;architact;vowel_swap;arhcitect;transposition;arhitect;consonant_drop;;;
authentic;authantic;vowel_swap;authenticc;single_to_double;autentic;consonant_drop;;;
bargain;bargan;vowel_drop;barrgain;single_to_double;bargian;transposition;;;
biological;biologecal;vowel_swap;biollogical;single_to_double;biologicel;vowel_swap;;;
brilliant;brelliant;vowel_swap;briliant;double_to_single;briliante;insertion;;;
calculate;calculete;vowel_swap;callculate;single_to_double;calculat;vowel_drop;;;
candidate;candidat;vowel_drop;candiedate;insertion;candedate;vowel_swap;;;
celebrate;celebrete;vowel_swap;cellebrate;single_to_double;calebrate;vowel_swap;;;
charisma;carisma;consonant_drop;charrisma;single_to_double;charesma;vowel_swap;;;
charitable;charitabel;transposition;charritable;single_to_double;caritable;consonant_drop;;;
chemistry;chamistry;vowel_swap;chemistrie;y_to_ie_ending;chemestry;vowel_swap;;;
civilian;cevilian;vowel_swap;civillian;single_to_double;civilan;vowel_drop;;;
collaborate;collaborete;vowel_swap;colaborate;double_to_single;collaborrate;single_to_double;;;
communicate;communicete;vowel_swap;comunicate;double_to_single;communnicate;single_to_double;;;
compassionate;compessionate;vowel_swap;compasionate;double_to_single;commpassionate;single_to_double;;;
considerable;considerabel;transposition;connsiderable;single_to_double;considarable;vowel_swap;;;
controversial;controvarsial;vowel_swap;conntroversial;single_to_double;controversal;vowel_drop;;;
correspondence;corraspondence;vowel_swap;corespondence;double_to_single;corresspondence;single_to_double;;;
cultivate;cultivete;vowel_swap;culltivate;single_to_double;cultevate;vowel_swap;;;
derivative;derivetive;vowel_swap;derrivative;single_to_double;derivatieve;insertion;;;
devastating;devestating;vowel_swap;devasstating;single_to_double;davastating;vowel_swap;;;
diligent;diligant;vowel_swap;dilligent;single_to_double;deligent;vowel_swap;;;
discrepancy;discrepancie;y_to_ie_ending;disscrepancy;single_to_double;discrapancy;vowel_swap;;;
distinguish;destinguish;vowel_swap;disstinguish;single_to_double;distinguis;consonant_drop;;;
diversity;divarsity;vowel_swap;diverrsity;single_to_double;deversity;vowel_swap;;;
eloquent;elequent;vowel_swap;eloqent;vowel_drop;eloqeunt;transposition;;;
emotional;emmotional;single_to_double;emotonal;vowel_drop;emotionale;insertion;;;
equilibrium;equilebrium;vowel_swap;equillibrium;single_to_double;equlibrium;vowel_drop;;;
equivalent;equivelent;vowel_swap;equivallent;single_to_double;eqivalent;vowel_drop;;;
evaluate;eveluate;vowel_swap;evalluate;single_to_double;evaluat;vowel_drop;;;
evolution;evollution;single_to_double;evoluton;vowel_drop;evolutione;insertion;;;
exceptional;excaptional;vowel_swap;excepttional;single_to_double;exeptional;consonant_drop;;;
extraordinary;extraordinery;vowel_swap;extraordinarie;y_to_ie_ending;extraordenary;vowel_swap;;;
fabulous;febulous;vowel_swap;fabullous;single_to_double;fabulus;vowel_drop;;;
feasible;feaseble;vowel_swap;feasibel;transposition;fasible;vowel_drop;;;
ferocious;farocious;vowel_swap;ferocius;vowel_drop;ferrocious;single_to_double;;;
fluorescent;fluoroscent;vowel_swap;florescent;vowel_drop;flourescent;transposition;;;
flourish;flouresh;vowel_swap;flouris;consonant_drop;fluorish;transposition;;;
fluency;fluenncy;single_to_double;fluencie;y_to_ie_ending;fluensy;consonant_change;;;
formidable;formidabel;transposition;forrmidable;single_to_double;formedable;vowel_swap;;;
fragrance;fregrance;vowel_swap;fraggrance;single_to_double;fragance;consonant_drop;;;
frequent;fraquent;vowel_swap;freqent;vowel_drop;freuquent;insertion;;;
genuine;ganuine;vowel_swap;gennuine;single_to_double;genuiene;insertion;;;
gracious;grecious;vowel_swap;gracius;vowel_drop;graciuos;transposition;;;
grandeur;grendeur;vowel_swap;granduer;transposition;grandur;vowel_drop;;;
guardian;guarrdian;single_to_double;gardian;vowel_drop;guardain;transposition;;;
hallucinate;hellucinate;vowel_swap;halucinate;double_to_single;hallucinnate;single_to_double;;;
harmony;hermony;vowel_swap;harrmony;single_to_double;harmonie;y_to_ie_ending;;;
heritage;heritege;vowel_swap;herritage;single_to_double;haritage;vowel_swap;;;
hierarchy;heirarchy;ie_ei_swap;hierrarchy;single_to_double;hierarhy;consonant_drop;;;
humility;humelity;vowel_swap;hummility;single_to_double;humilitie;y_to_ie_ending;;;
hurricane;hurricene;vowel_swap;huricane;double_to_single;hurrecane;vowel_swap;;;
hydraulic;hidraulyc;i_y_swap;hydrauolic;insertion;hydrualic;transposition;;;
hypothesis;hypotheses;vowel_swap;hypotesis;consonant_drop;hipothesys;i_y_swap;;;
identical;idantical;vowel_swap;identicall;single_to_double;identecal;vowel_swap;;;
ideology;ideollogy;single_to_double;ideologie;y_to_ie_ending;idieology;insertion;;;
illuminate;illuminete;vowel_swap;iluminate;double_to_single;illumminate;single_to_double;;;
immense;immanse;vowel_swap;imense;double_to_single;immennse;single_to_double;;;
impartial;impertial;vowel_swap;imparrtial;single_to_double;impartail;transposition;;;
impulsive;impulseve;vowel_swap;impullsive;single_to_double;impulsieve;insertion;;;
inadequate;inedequate;vowel_swap;inadaqate;vowel_drop;inadequeute;insertion;;;
indispensable;indispenseble;vowel_swap;indisspensable;single_to_double;indispenzable;consonant_change;;;
initiative;inetiative;vowel_swap;inittiative;single_to_double;initiatieve;insertion;;;
integrate;integrete;vowel_swap;inntegrate;single_to_double;integraete;insertion;;;
intellectual;intallectual;vowel_swap;intelectual;double_to_single;inttellectual;single_to_double;;;
interfere;intarfere;vowel_swap;innterfere;single_to_double;intrefere;transposition;;;
intuition;inntuition;single_to_double;intiution;transposition;intuitione;insertion;;;
invisible;invesible;vowel_swap;innvisible;single_to_double;invisibel;transposition;;;
irresponsible;irrasponsible;vowel_swap;iresponsible;double_to_single;irressponsible;single_to_double;;;
jeopardise;jeoperdise;vowel_swap;jeoparrdise;single_to_double;jeopardese;vowel_swap;;;
journalist;juornalist;transposition;jourrnalist;single_to_double;journalest;vowel_swap;;;
jurisdiction;juresdiction;vowel_swap;jurrisdiction;single_to_double;jurisditcion;transposition;;;
legitimately;legitimetely;vowel_swap;legittimately;single_to_double;legitimatly;vowel_drop;;;
liberation;liberetion;vowel_swap;liberration;single_to_double;libaration;vowel_swap;;;
limitation;limitetion;vowel_swap;limmitation;single_to_double;lemitation;vowel_swap;;;
magnificent;megnificent;vowel_swap;magnificient;insertion;magnificant;vowel_swap;;;
mandatory;mendatory;vowel_swap;manndatory;single_to_double;mandatorie;y_to_ie_ending;;;
manipulate;menipulate;vowel_swap;mannipulate;single_to_double;manepulate;vowel_swap;;;
marvellous;mervellous;vowel_swap;marvelous;double_to_single;marvelluos;transposition;;;
mediocre;madiocre;vowel_swap;mediocer;transposition;mediokre;consonant_change;;;
melancholy;melencholy;vowel_swap;melancholie;y_to_ie_ending;melancoly;vowel_drop;;;
memorable;memoreble;vowel_swap;memmorable;single_to_double;memorabel;transposition;;;
metabolism;metebolism;vowel_swap;mettabolism;single_to_double;metabolisom;insertion;;;
monstrous;monnstrous;single_to_double;monsrous;consonant_drop;monstruos;transposition;;;
mysterious;misteryous;i_y_swap;mysterius;vowel_drop;mysteriuos;transposition;;;
narrative;nerrative;vowel_swap;narative;double_to_single;narratieve;insertion;;;
negotiate;nagotiate;vowel_swap;negotiat;vowel_drop;negosiate;consonant_change;;;
negligible;nagligible;vowel_swap;negligibel;transposition;neglegible;vowel_swap;;;
neutral;neutrall;single_to_double;nuetral;transposition;neutrale;insertion;;;
objection;objaction;vowel_swap;objecttion;single_to_double;objecton;vowel_drop;;;
observant;observent;vowel_swap;obsservant;single_to_double;observante;insertion;;;
obstacle;obstecle;vowel_swap;obstakle;consonant_change;obstacel;transposition;;;
obviously;obviusly;vowel_drop;obvioussly;single_to_double;obiouslie;y_to_ie_ending;;;
passionate;passionete;vowel_swap;pasionate;double_to_single;passionnate;single_to_double;;;
persistent;persistente;insertion;perrsistent;single_to_double;persestent;vowel_swap;;;
perspective;perspectiv;vowel_drop;perrspective;single_to_double;perspecteve;vowel_swap;;;
phenomenon;phanomenon;vowel_swap;phennomenon;single_to_double;penomenon;consonant_drop;;;
popularity;popularitie;y_to_ie_ending;popullarity;single_to_double;popularety;vowel_swap;;;
preference;praference;vowel_swap;preferrence;single_to_double;preferense;consonant_change;;;
prejudice;prejudise;consonant_change;prejudece;vowel_swap;prejudiece;insertion;;;
primitive;premitive;vowel_swap;primmitive;single_to_double;primitieve;insertion;;;
proportion;proporrtion;single_to_double;proporcion;consonant_change;proporton;vowel_drop;;;
protection;protaction;vowel_swap;prottection;single_to_double;protecton;vowel_drop;;;
psychological;psycological;consonant_drop;psychollogical;single_to_double;psichologycal;i_y_swap;;;
regardless;regerdless;vowel_swap;regardles;double_to_single;regarrdless;single_to_double;;;
relationship;reletionship;vowel_swap;relatonship;vowel_drop;realtionship;transposition;;;
relevance;relevence;vowel_swap;rellevance;single_to_double;ralevance;vowel_swap;;;
resistance;resistence;vowel_swap;ressistance;single_to_double;resistanse;consonant_change;;;
responsibility;responsibilitie;y_to_ie_ending;responsibilitey;insertion;responsebility;vowel_swap;;;
satisfactory;setisfactory;vowel_swap;satisfactorie;y_to_ie_ending;satisfaktory;consonant_change;;;
sensitivity;sensitivitey;insertion;sennsitivity;single_to_double;sensetivity;vowel_swap;;;
simplicity;semplicity;vowel_swap;simmplicity;single_to_double;simplicitie;y_to_ie_ending;;;
stereotype;stareotype;vowel_swap;sterreotype;single_to_double;staroetype;transposition;;;
superiority;superioritie;y_to_ie_ending;superioritey;insertion;superiorety;vowel_swap;;;
territorial;territoriale;insertion;teritorial;double_to_single;territorrial;single_to_double;;;
tremendous;tremenduos;transposition;tremmendous;single_to_double;tremendus;vowel_drop;;;
ultimately;ultimetely;vowel_swap;ulitmetly;vowel_drop;ulimatelie;y_to_ie_ending;;;
undoubtedly;undoubtadly;vowel_swap;unduobtedly;transposition;undoutedly;consonant_drop;;;
unreliable;unraliable;vowel_swap;unrelaible;transposition;unrealiable;insertion;;;
vaccination;veccination;vowel_swap;vacination;double_to_single;vaccinnation;single_to_double;;;
vengeance;vangeance;vowel_swap;vengaence;transposition;vengance;vowel_drop;;;
versatile;versetile;vowel_swap;verrsatile;single_to_double;versatiele;insertion;;;
visibility;vesibility;vowel_swap;vissibility;single_to_double;visibilitey;insertion;;;
volunteer;volunter;vowel_drop;vollunteer;single_to_double;volunteere;insertion;;;
wholesome;wholasome;vowel_swap;wolesome;consonant_drop;wholesome;vowel_drop;;;
wonderful;wondarful;vowel_swap;wonnderful;single_to_double;wonderfull;single_to_double;;;
worthwhile;worthwhele;vowel_swap;worthwhiele;insertion;worthwile;consonant_drop;;;
jealously;jeallously;single_to_double;jelaously;transposition;jealusly;vowel_drop;;;
legitimacy;legitimecy;vowel_swap;legittimacy;single_to_double;legitmacy;vowel_drop;;;
loneliness;lonelieness;insertion;lonelines;double_to_single;lonneliness;single_to_double;;;
marvellously;marvellusly;vowel_drop;marvelously;double_to_single;marvelluosly;transposition;;;
negligence;negligense;consonant_change;neglligence;single_to_double;neglegence;vowel_swap;;;
originally;originelly;vowel_swap;originaly;double_to_single;originnally;single_to_double;;;
particularly;particuolarly;insertion;parrticularly;single_to_double;partecularly;vowel_swap;;;
physically;piysycelly;i_y_swap;physicaly;double_to_single;pysically;consonant_drop;;;
practically;prectically;vowel_swap;practicaly;double_to_single;practiclly;vowel_drop;;;
previously;previouslie;y_to_ie_ending;previusly;vowel_drop;previoussly;single_to_double;;;
primarily;primerily;vowel_swap;primarilie;y_to_ie_ending;premarily;vowel_swap;;;
professionally;professionelly;vowel_swap;profesionally;double_to_single;professonally;vowel_drop;;;
publicly;publecly;vowel_swap;publiclly;single_to_double;publicaly;insertion;;;
reasonably;reasonebly;vowel_swap;reasonablly;single_to_double;reasonabely;insertion;;;
significantly;significently;vowel_swap;signifficantly;single_to_double;singificantly;transposition;;;
specifically;specificelly;vowel_swap;specificaly;double_to_single;speciffically;single_to_double;;;
successfully;succassfully;vowel_swap;sucessfully;double_to_single;successfulley;insertion;;;
technically;technicelly;vowel_swap;technicaly;double_to_single;tecnically;consonant_drop;;;
traditionally;treditionally;vowel_swap;traditionaly;double_to_single;traditonally;vowel_drop;;;
typically;typicelly;vowel_swap;typicaly;double_to_single;tipycally;i_y_swap;;;
visually;vesually;vowel_swap;visualy;double_to_single;vissually;single_to_double;;;
voluntary;voluntery;vowel_swap;volluntary;single_to_double;volountary;insertion;;;
accidentally;accidentaly;double_to_single;accidentelly;vowel_swap;accidentlly;vowel_drop;;;
adversary;adversery;vowel_swap;advercary;consonant_change;adversarie;y_to_ie_ending;;;
anniversary;aniversary;double_to_single;anniversery;vowel_swap;anniversarie;y_to_ie_ending;;;
arctic;artic;consonant_drop;arctick;insertion;arktic;consonant_change;;;
asthma;astma;consonant_drop;ashtma;transposition;asthema;insertion;;;
atheist;athiest;ie_ei_swap;ateist;consonant_drop;athaist;vowel_swap;;;
bankruptcy;bankrupcy;consonant_drop;bankrutpcy;transposition;bankraptcy;vowel_swap;;;
camouflage;camoflage;vowel_drop;camuoflage;transposition;camouflege;vowel_swap;;;
catastrophe;catastrope;consonant_drop;catastophe;consonant_drop;catastrohpe;transposition;;;
chauffeur;chaufeur;double_to_single;chauffeour;insertion;chauffer;vowel_drop;;;
choreography;choreograhpy;transposition;coreography;consonant_drop;choreographie;y_to_ie_ending;;;
colonel;colonle;transposition;colonnel;single_to_double;coronel;consonant_change;;;
contemptuous;contemptous;vowel_drop;contemptuouse;insertion;contemtuous;consonant_drop;;;
debilitating;debiliteting;vowel_swap;debillitating;single_to_double;debiltating;vowel_drop;;;
decipher;deciper;consonant_drop;deciphere;insertion;decihper;transposition;;;
dictionary;dictionery;vowel_swap;dictionarie;y_to_ie_ending;diktionary;consonant_change;;;
dumbbell;dumbell;double_to_single;dambbell;vowel_swap;dummbel;double_to_single;;;
ecstasy;ecstasie;y_to_ie_ending;exstasy;consonant_change;ecstasey;insertion;;;
etiquette;etiquete;double_to_single;ettiquette;single_to_double;etiqette;vowel_drop;;;
exuberant;exuberent;vowel_swap;exuberrant;single_to_double;exuberante;insertion;;;
february;febuary;consonant_drop;feburary;transposition;februery;vowel_swap;;;
fictional;fictonal;vowel_drop;fiktional;consonant_change;ficitonal;transposition;;;
flattery;flatery;double_to_single;flatterie;y_to_ie_ending;flatterey;insertion;;;
forfeit;forfit;vowel_drop;forfiet;ie_ei_swap;forfeite;insertion;;;
hypocrisy;hipocrysy;i_y_swap;hypocresy;consonant_change;hypocrissy;single_to_double;;;
initial;innitial;single_to_double;initiel;vowel_swap;initial;vowel_drop;;;
judgment;judgement;insertion;jugdment;transposition;judgmant;vowel_swap;;;
liaison;liason;vowel_drop;liaisson;single_to_double;liasion;transposition;;;
lieutenant;liutenant;vowel_drop;lieutanant;vowel_swap;leiutenant;transposition;;;
maneuverable;manuverable;vowel_drop;manouverable;vowel_swap;maneuverabel;transposition;;;
minuscule;miniscule;vowel_swap;minusculle;single_to_double;minuscuel;transposition;;;
occurred;occured;double_to_single;occorred;vowel_swap;ocurred;double_to_single;;;
pavilion;pavillion;single_to_double;pavelion;vowel_swap;pavilon;vowel_drop;;;
penicillin;penicellin;vowel_swap;penicilin;double_to_single;penicilline;insertion;;;
reminisce;reminise;consonant_drop;reminnisce;single_to_double;remenisce;vowel_swap;;;
repertoire;repertore;vowel_drop;repertorie;transposition;repertoir;vowel_drop;;;
rhyme;ryme;consonant_drop;rhymme;single_to_double;rhym;vowel_drop;;;
silhouette;silouette;consonant_drop;silhoette;vowel_drop;sillhouette;single_to_double;;;
souvenir;souvener;vowel_swap;souvenier;insertion;suvenir;vowel_drop;;;
surveillance;surveilance;double_to_single;surviellance;ie_ei_swap;survelilance;transposition;;;
unintelligible;unintelligable;vowel_swap;uninteligible;double_to_single;unintelligibel;transposition;;;
unforgettable;unforgetable;double_to_single;unforgettabel;transposition;unforgetteble;vowel_swap;;;
